sku,name,category,channel,price,cogs
SKU-1001,Bamboo Cutting Board,Kitchen,FBA,24.99,6.5
SKU-1002,Stainless Steel Tumbler,Kitchen,FBA,18.99,4.75
SKU-1003,Yoga Mat Non-Slip,Sports,FBA,29.99,8.1
SKU-1004,Resistance Bands Set,Sports,FBM,15.99,3.2
SKU-1005,LED Desk Lamp,Home Office,FBA,32.99,10.4
SKU-1006,Wireless Mouse,Home Office,FBM,14.99,3.9
SKU-1007,Pet Grooming Brush,Pet Supplies,FBA,12.99,2.6
SKU-1008,Dog Chew Toy 3-Pack,Pet Supplies,FBA,19.99,5.0
SKU-1009,Silicone Baking Mat,Kitchen,FBM,11.99,2.1
SKU-1010,Phone Tripod Stand,Electronics Accessories,FBA,21.99,5.8
